,VPD_NOMINALINCIDENTID_PK,VPD_CONSENTNAME,VPD_NOCONSENTREASON,VPD_CREATEDON,VPD_LASTUPDATEDON,VPD_NOMINALSYNOPSIS,VPD_GPCONSENT,VPD_VPTYPEID_FK,VPD_INCIDENTID_FK,VPD_WELLBEINGCOMMENTS,VPD_NOTINFORMEDREASON,VPD_NOGPCONSENTREASON,VPD_SCRA,VPD_THREEPOINTTEST,VPD_YOUTHATTITUDE,VPD_PARENTATTITUDE,VPD_NOMINALSVIEW,VPD_CHILDPROTECTION,VPD_RECORD_START_DATE,VPD_FORENAME,VPD_SURNAME,VPD_MAIDEN_NAME,VPD_CREATEDON_1,VPD_PLACEOFBIRTH,VPD_PERSONLANGUAGE,VPD_INTERPRETERREQID_FK,VPD_DISABILITY,VPD_DISABILITYDESC,VPD_PERSONETHNICAPPEARANCE,VPD_PERSONGENDER,VPD_KNOWNAS,VPD_REPEATVICTIM,VPD_REPEATPERPETRATOR,misper_misperid,entities_landmarks,entities_addresses,entities_location_types,entities_people_names,entities_people_desc,entities_people_relat,entities_pattern_types,vpd_serious_and_organised_crime_exploitation,vpd_stalking_and_harassment,vpd_suicide_concern,vpd_violence_used,vpd_weapon_used__acra_only_,vpd_bullying,vpd_child_at_locus,vpd_neglect,vpd_self_neglect,vpd_child_criminal_exploitation__cce_,vpd_child_sexual_exploitation__cse_,vpd_community_triage_service,vpd_distress_brief_intervention__dbi_,vpd_dsdas,vpd_child_victim,vpd_child_witnessed,vpd_female_genital_mutilation__fgm_,vpd_forced_marriage__fm_,vpd_gambling,vpd_honour_based_abuse__hba_,vpd_human_trafficking,vpd_looked_after_accommodated_child__laac_,vpd_missing_person,vpd_online_child_sexual_abuse_and_exploitation__ocsae_,vpd_pregnancy__unborn_baby_,vpd_sexual_harm,vpd_elderly,vpd_attempted_suicide,vpd_financial,vpd_sight_loss,vpd_physical_disability,vpd_psychological_harm,vpd_self_harm,vpd_isolation,vpd_hearing_loss,vpd_alcohol_consumption,vpd_learning_disability,vpd_communication_needs,vpd_mental_health_issues,vpd_drug_consumption,vpd_other,vpd_radicalisation
0,40489020,Carl Baker,Unable to locate,2012-02-23 03:12:49,2012-02-23 03:12:49,,100,1,926271,Joanna is currently safe and receiving community support services.,Unable to locate,Unable to locate,100,2,,,Joanna feels unsure about data sharing due to consent issues.,,28-Nov-2022 14:48:11.000Z[UTC],Joanna,Wilson,Bailey,2011-11-03 23:01:49,Ely,English,1,Not Known,,White English,Female,Jean,N,N,5902,,,,,,,,0,0,0,0,0,0,0,0,0,0,0,0,0,0,0,0,0,0,0,0,0,0,1,0,0,0,1,0,0,0,0,0,0,0,0,0,0,0,0,0,0,0
1,40489021,Joanna Wilson,,2012-08-08 06:04:49,2012-08-10 06:04:49,"Joanna seen near illegal site, avoiding friends.",1,1,952218,Joanna is thriving and well-supported in her community.,,,100,1,,,Joanna understands the situation and consented to input.,,28-Nov-2022 14:48:11.000Z[UTC],Joanna,Wilson,Bailey,2011-11-03 23:01:49,Ely,English,1,Not Known,,White English,Female,Jean,N,N,5902,,,illegal site,,,,no contact with close friends,0,0,0,0,0,0,0,0,0,0,0,0,0,0,0,0,0,0,0,0,0,0,1,0,0,0,1,0,0,0,0,0,0,0,0,0,0,0,0,0,0,0
2,40489020,Joanna Wilson,,2012-09-04 10:08:49,2012-09-04 10:08:49,"Joanna went missing from an illegal site on the island, last seen by Timothy Jones.",4,1,980195,Joanna is healthy and receives regular support and care.,,,100,1,,,"Joanna consented to database entry, feels secure about it.",,28-Nov-2022 14:48:11.000Z[UTC],Joanna,Wilson,Bailey,2011-11-03 23:01:49,Ely,English,1,Not Known,,White English,Female,Jean,N,N,5902,,,"illegal site,island",Timothy Jones,,,,0,0,0,0,0,0,0,0,0,0,0,0,0,0,0,0,0,0,0,0,0,0,1,0,0,0,1,0,0,0,0,0,0,0,0,0,0,0,0,0,0,0
3,40489024,Joanna Wilson,,2013-02-14 14:35:49,2013-02-14 14:35:49,Joanna found on illegal site island.,1,1,993667,Joanna is healthy and receiving support as needed.,,,100,1,,,Joanna consents to database entry and understands the situation.,,28-Nov-2022 14:48:11.000Z[UTC],Joanna,Wilson,Bailey,2011-11-03 23:01:49,Ely,English,1,Not Known,,White English,Female,Jean,N,N,5902,,,"island,illegal site",,,,,0,0,0,0,0,0,0,0,0,0,0,0,0,0,0,0,0,0,0,0,0,0,1,0,0,0,1,0,0,0,0,0,0,0,0,0,0,0,0,0,0,0
4,40489025,Joanna Wilson,,2013-08-03 07:46:49,2013-08-05 07:46:49,"Joanna, an 84-year-old, was observed on a remote island exhibiting a noticeable pattern of no contact with close friends. Reports indicate she was found wandering near a restricted military base and a known illegal site, raising concerns about her wellbeing.",1,1,997117,"Joanna is safe and well, with consent for database entry.",,,100,1,,,Joanna affirmed understanding and consent for database entry.,,28-Nov-2022 14:48:11.000Z[UTC],Joanna,Wilson,Bailey,2011-11-03 23:01:49,Ely,English,1,Not Known,,White English,Female,Jean,N,N,5902,,,"island,illegal site,military base",,,,no contact with close friends,0,0,0,0,0,0,0,0,0,0,0,0,0,0,0,0,0,0,0,0,0,0,1,0,0,0,1,0,0,0,0,0,0,1,0,0,0,0,0,0,0,0
5,40489026,Joanna Wilson,,2013-10-08 22:09:49,2013-10-10 22:09:49,,100,1,999798,Joanna is in good health and not in immediate danger.,,,100,1,,,Joanna consented to share her details in the database.,,28-Nov-2022 14:48:11.000Z[UTC],Joanna,Wilson,Bailey,2011-11-03 23:01:49,Ely,English,1,Not Known,,White English,Female,Jean,N,N,5902,,,,,,,,0,0,0,0,0,0,0,0,0,0,0,0,0,0,0,0,0,0,0,0,0,0,1,0,0,0,1,0,0,0,0,0,0,0,0,0,0,0,0,0,0,0
6,40489027,Joanna Wilson,,2013-10-18 00:17:49,2013-10-18 04:36:49,,100,1,999882,Joanna is currently safe and receiving support as needed.,,,100,1,,,Joanna understood and consented to database input with no concerns.,,28-Nov-2022 14:48:11.000Z[UTC],Joanna,Wilson,Bailey,2011-11-03 23:01:49,Ely,English,1,Not Known,,White English,Female,Jean,N,N,5902,,,,,,,,0,0,0,0,0,0,0,0,0,0,0,0,0,0,0,0,0,0,0,0,0,0,0,0,0,0,1,0,0,0,0,0,0,0,0,0,0,0,0,0,0,0
7,40489028,David Randall,,2014-02-19 03:49:49,2014-02-19 03:49:49,"Joanna at the military base shows signs of distress, prompting concern for her wellbeing.",2,1,999994,Joanna is living independently and receiving regular support services.,,,100,2,,,Joanna aware of situation and consented to database entry.,,28-Nov-2022 14:48:11.000Z[UTC],Joanna,Wilson,Bailey,2011-11-03 23:01:49,Ely,English,1,Not Known,,White English,Female,Jean,N,N,5902,,,military base,,,,,0,0,0,0,0,0,0,0,0,0,0,0,0,0,0,0,0,0,0,0,0,0,1,0,0,0,1,0,0,0,0,0,0,0,0,0,0,0,0,0,0,0
8,40489020,Jason Miller,Unable to locate,2014-06-16 05:26:49,2014-06-17 21:17:49,,1,1,999998,Joanna requires ongoing support and assistance with daily activities.,Unable to locate,Unable to locate,100,2,,,Joanna unclear on consent status for database entry.,,28-Nov-2022 14:48:11.000Z[UTC],Joanna,Wilson,Bailey,2011-11-03 23:01:49,Ely,English,1,Not Known,,White English,Female,Jean,N,N,5902,,,,,,,,0,0,0,0,0,0,0,0,1,0,0,0,0,0,0,0,0,0,0,0,0,0,1,0,0,0,1,0,0,0,0,0,0,1,0,0,0,0,0,0,0,0
