,q_1,q_1_explanation,q_2,q_2_explanation,q_3,q_3_explanation,q_4,q_4_explanation,q_5,q_5_explanation,q_6,q_6_explanation,q_7,q_7_explanation,q_8,q_8_explanation,q_9,q_9_explanation,q_10,q_10_explanation,q_11,q_11_explanation,q_12,q_12_explanation,q_13,q_13_explanation,q_14,q_14_explanation,q_15,q_15_explanation,q_16,q_16_explanation,q_17,q_17_explanation,q_18,q_18_explanation,q_19,q_19_explanation,q_20,q_20_explanation,q_21,q_21_explanation,q_22,q_22_explanation,q_23,q_23_explanation,q_24,q_24_explanation,q_25,q_25_explanation
0,0,NULL,0,NULL,1,Joanna is 72 years old and may be vulnerable due to her age.,0.0,NULL,1,Joanna displayed noticeable personality changes prior to disappearance.,1,Her behavior changes suggest issues with interacting safely with others.,0,NULL,0,NULL,0,NULL,0,NULL,0,NULL,0,NULL,0,NULL,0,NULL,0,NULL,0,NULL,1,Her behavior was significantly different from her usual patterns.,1,Concern from family indicated she had reasons linked to her actions.,0,NULL,0.0,NULL,0,NULL,0,NULL,0,NULL,1,Joanna showed changes in personality indicating potential mental health issues.,0,NULL
1,1,Personality changes may indicate risk of suicide or self-harm.,0,There is no indication of criminality related to her disappearance.,1,"At 72 years old, she is considered vulnerable due to her age.",,,1,Changes in behavior may suggest underlying mental health conditions.,1,"If disoriented, she may struggle to safely interact with others.",0,There is no indication of substance dependency.,0,She is not on the Child Protection Register.,1,"If weather conditions were adverse, this would increase her risk.",0,No information indicates family problems or conflicts.,0,No information suggests she was involved in domestic violence.,0,There are no indications of ongoing personal issues related to social factors.,0,No prior involvement in violent or hate crime incidents mentioned.,0,"No school, employment or financial issues reported.",0,There is no indication of forced marriage or honour-based abuse.,0,No indication she is a victim of sexual exploitation or trafficking.,1,Her disappearance behavior was noted as unusual.,0,No known reasoning for her to go missing was provided.,0,No indications of preparations for absence were made.,0.0,No specific intentions at the time of disappearance are documented.,0,No record of prior disappearances noted.,0,There is no indication that she poses a risk to others.,1,Changes in behavior suggest potential mental health concerns.,1,Personality changes may signify an underlying mental health condition.,0,There is no indication she has dementia.
2,0,NULL,0,NULL,1,"At 72, Joanna is considered vulnerable due to her age.",0.0,NULL,0,NULL,1,"She appeared disoriented when found, indicating potential interaction issues.",0,NULL,0,NULL,0,NULL,0,NULL,0,NULL,0,NULL,0,NULL,0,NULL,0,NULL,0,NULL,1,Her behavior was unusual as she didn't contact friends or attend meetings.,0,NULL,0,NULL,1.0,She visited a friend and a petting zoo but failed to communicate afterward.,0,NULL,0,NULL,0,NULL,0,NULL,0,NULL
3,0,NULL,0,NULL,1,"Joanna is 73 years old, which may render her vulnerable in various situations.",0.0,NULL,0,NULL,1,"Joanna showed notable personality changes and ceased contact, indicating potential difficulties.",0,NULL,0,NULL,0,NULL,0,NULL,0,NULL,0,NULL,0,NULL,0,NULL,0,NULL,0,NULL,1,"Her behavior was out of character, evidenced by her visit to illegal sites.",0,NULL,0,NULL,1.0,"She was last seen at a petting zoo, indicating an intention that was not fulfilled.",0,NULL,0,NULL,0,NULL,1,Changes in her behavior may indicate mental health issues needing attention.,0,NULL
4,0,NULL,0,NULL,1,"She is 73 years old, which makes her vulnerable due to age.",0.0,NULL,1,"She exhibited notable personality changes, indicating potential mental health issues.",1,Her personality changes may affect her social interactions in unfamiliar places.,0,NULL,0,NULL,0,NULL,0,NULL,0,NULL,0,NULL,0,NULL,1,There were concerns regarding Joanna's secretive behavior and possible involvement in illegal activities.,0,NULL,0,NULL,1,Her unexplained and sudden departure was not typical of her normal behavior.,0,NULL,0,NULL,1.0,"She left an illegal site, suggesting she did not intend for her absence to be prolonged.",0,NULL,0,NULL,1,Concerns arose due to her significant personality changes and secretive behavior.,1,The noted personality changes suggest the possibility of a mental health condition.,0,NULL
5,0,NULL,0,NULL,1,"Joanna is 73 years old, making her potentially vulnerable due to age.",0.0,NULL,0,NULL,1,Elderly individuals may struggle in unfamiliar situations which poses a risk.,0,NULL,0,NULL,0,NULL,0,NULL,0,NULL,0,NULL,0,NULL,0,NULL,0,NULL,0,NULL,1,Her disappearance was uncharacteristic for an assisted living resident.,0,NULL,0,NULL,0.0,NULL,0,NULL,0,NULL,0,NULL,0,NULL,0,NULL
6,0,NULL,0,NULL,1,"She is 73 years old, which may make her vulnerable.",0.0,NULL,0,NULL,0,NULL,0,NULL,0,NULL,0,NULL,0,NULL,0,NULL,0,NULL,0,NULL,0,NULL,0,NULL,0,NULL,1,Her disappearance was out of character as she hadn't contacted friends.,0,NULL,0,NULL,0.0,NULL,0,NULL,0,NULL,0,NULL,0,NULL,0,NULL
7,1,Recent personality changes may indicate suicidal ideation or risk.,0,No evidence of criminality linked to her disappearance.,1,Joanna is vulnerable due to her age of 74 years.,,,1,Recent personality changes may suggest underlying mental health issues.,1,Erratic behavior could indicate difficulty in unfamiliar situations.,0,No information about substance dependency.,0,Joanna is not on the Child Protection Register.,1,Recent weather conditions could pose risks for her age and potential exposure.,1,Concerns from family about her distancing suggest relational problems.,0,No indication of domestic violence involvement.,0,No known personal issues related to community or cultural concerns.,0,No indication of involvement in violent or hate crimes.,1,Recent changes in behavior may relate to personal or financial issues.,0,No indication of forced marriage or honour-based abuse.,0,No evidence of sexual exploitation or trafficking.,1,Her disappearance was marked by noticeable changes from her typical behavior.,0,No clear reason given for her disappearance.,0,No evidence of preparations made for absence found.,,,0,No previous instances of Joanna going missing reported.,0,Joanna is not considered a risk to others.,1,Erratic behavior and distancing from friends raise alarms in her risk assessment.,1,Recent behavioral changes may indicate a mental health condition.,0,No evidence suggests Joanna has dementia or a neurological disorder.
8,0,NULL,0,NULL,1,"She is 74 years old, which can make her more vulnerable in certain situations.",0.0,NULL,0,NULL,0,NULL,0,NULL,0,NULL,0,NULL,0,NULL,0,NULL,0,NULL,0,NULL,0,NULL,0,NULL,0,NULL,1,She left home to visit her usual peaceful retreat location.,0,NULL,0,NULL,1.0,She intended to attend a planned lunch at the retirement community.,0,NULL,0,NULL,0,NULL,0,NULL,0,NULL
