,reportid,misperid,initial_risk_level,current_final_risk_level,forenames,surname,dob,pob,age,sex,residence_type,occdesc,nominalpersionid,missing_since,date_reported_missing,day_reported_missing,length_missing_mins,when_traced,mf_address,missing_from,reported_missing_by,TL_address,return_method_desc,circumstances,entities_landmarks,entities_addresses,entities_location_types,entities_people_names,entities_people_desc,entities_people_relat,entities_pattern_types
0,61771,9095,Low,Medium,Anne,Evans,2015-04-04,Chichester,5,F,Home Address,,1362,2020-06-16 00:00:00,2020-06-16 12:00:00,Tuesday,8376,2020-06-21 19:36:00,"21 David the First Street, Kinghorn, KY3 9SR",Home,Sian Waters,"School Lane, Hillend, KY11 9LE",Traced by Police,"Anne Evans was last seen near the alleyway by 36-42 Watson Avenue, St Andrews, KY16 8JE. Anne's friend, Lewis Edwards, reported spotting her playing there. Concern grew when her foster father realized she was missing after Anne failed to return home. Authorities launched a search before safely locating her.",,Watson Avenue St Andrews KY16 8JE,alleyway,,"friend,foster father",Lewis Edwards,
1,25979,9095,High,High,Anne,Evans,2015-04-04,Chichester,5,F,Home Address,,1362,2020-09-27 19:36:00,2020-09-29 12:36:00,Tuesday,5689,2020-10-01 18:25:00,"21 David the First Street, Kinghorn, KY3 9SR",Home,Sian Waters,"23 Tod's Green, Crail, KY10 3UU",Traced by Police,"Anne Evans, a 5-year-old girl, was reported missing from her foster home at 21 David the First Street, Kinghorn. Before disappearing, Anne was last seen near a friend's house, raising concerns about her well-being. Her foster father mentioned that she might have been a possible witness to a crime, which could have led her to distance herself due to fear. There was also speculation that she might be involved in a cult, potentially centered around 6-10 North Feus, Upper Largo. This angle was explored by authorities, linking her to Chelsea Ferguson, who had known cult ties. Anne was eventually located safe at 23 Tod's Green, Crail, with no injuries reported.",house,"North Feus Upper Largo,23",,Chelsea Ferguson,foster father,,"possible witness to crime,possibly involved in cult"
2,82835,9095,High,Medium,Anne,Evans,2015-04-04,Chichester,5,F,Home Address,,1362,2020-12-05 18:25:00,2020-12-05 18:25:00,Saturday,6040,2020-12-09 23:05:00,"21 David the First Street, Kinghorn, KY3 9SR",Home,Lewis Edwards,"School Lane, Hillend, KY11 9LE",Traced by Police,"Anne Evans went missing from her foster home in Kinghorn under distressing circumstances. Her foster mother, Sian Waters, reported that Anne had wandered off unexpectedly after they had returned from an outing. Concern grew significantly at the thought of Anne being alone, especially given her young age and the nearby busy roads. Search parties focused on various possible locations, eventually narrowing down to a specific area where an alleyway on Wood Road, Rosyth, KY11 2EA, was of interest due to its proximity to her usual playgrounds. Despite initial searches yielding no leads, a vigilant passerby reported seeing a child matching Anne's description lingering around School Lane, Hillend, where she was eventually found by police. Anne was safe and unharmed but appeared confused and upset by the experience. The incident raised further discussions regarding safety measures for foster children when in public.",,"Wood Road Rosyth KY11 2EA,Road,Rosyth KY11",alleyway,,,Sian Waters,
3,55979,9095,Medium,Medium,Anne,Evans,2015-04-04,Chichester,5,F,Home Address,,1362,2021-04-02 23:05:00,2021-04-03 08:05:00,Saturday,3758,2021-04-05 13:43:00,"21 David the First Street, Kinghorn, KY3 9SR",Home,Chelsea Ferguson,"5 Bow Butts, Crail, KY10 3UR",Traced by Police,"MP was last seen in an alleyway near 1 Findlay Crescent, Rosyth. A friend, Lynne Tucker, mentioned MP might be involved in a cult. Police later found MP safe on Wood Road.",,"1 Findlay Crescent Rosyth,Wood Road",alleyway,Lynne Tucker,friend,,possibly involved in cult
4,84404,9095,Low,Low,Anne,Evans,2015-04-04,Chichester,6,F,Home Address,,1362,2021-07-28 13:43:00,2021-07-29 03:43:00,Thursday,6716,2021-08-02 05:39:00,"31-37 Aberlour Street, Rosyth, KY11 2SD",tutoring center,Barbara Clements,"21 David the First Street, Kinghorn, KY3 9SR",Traced by Police,"Anne Evans, known to enjoy extracurricular activities, was last seen near a shopping mall, known for its bustling corridors and numerous alleyways adjacent to the main pathway. Witnesses reported seeing Anne in the company of an unknown group near a narrow alleyway, leading to suspicions about her being possibly involved in a cult. Further investigation revealed Anne might have witnessed a crime within the vicinity, raising concerns about her safety. During a search around 9 Lowry Place, Rosyth, local authorities received a tip linking her to a gathering at 1 Findlay Crescent, Rosyth, suggesting her presence in areas distant from her usual routine. Eventually, Anne was safely traced by the police, unharmed, and returned to her foster care surroundings.","shopping mall,extracurricular activities","9 Lowry Place Rosyth,1 Findlay Crescent Rosyth",alleyway,,,,"possible witness to crime,possibly involved in cult"
5,64361,9095,High,High,Anne,Evans,2015-04-04,Chichester,6,F,Home Address,,1362,2021-08-26 05:39:00,2021-08-26 11:39:00,Thursday,7084,2021-08-31 03:43:00,"21 David the First Street, Kinghorn, KY3 9SR",Home,Anthony Fisher,"23 Tod's Green, Crail, KY10 3UU",Traced by family,"Anne Evans, a six-year-old girl, was last seen near an alleyway close to 28 Cunzie Street, Anstruther. Family reported concerns about Anne's possible involvement with a local group suspected of cult-like activities, which frequently met near 7 Dollar Grove, Burntisland. Due to Anne's young age and involvement in a foster care arrangement, her sudden disappearance raised alarms quickly. Neighbors recalled seeing Anne playing with older children, possibly associated with the group, days before her disappearance. Despite initial leads, she remained missing until a family member found her safe, albeit shaken, at a residence in Crail days later.",,"28 Cunzie Street Anstruther,7 Dollar Grove Burntisland",alleyway,,,,possibly involved in cult
6,57256,9095,High,High,Anne,Evans,2015-04-04,Chichester,6,F,Home Address,,1362,2021-12-25 03:43:00,2021-12-25 07:43:00,Saturday,9720,2021-12-31 21:43:00,"21 David the First Street, Kinghorn, KY3 9SR",Home,Barbara Clements,"23 Tod's Green, Crail, KY10 3UU",Traced by Police,"Anne Evans was last seen near an alleyway adjacent to a busy shopping mall. She had been playing with a friend when she disappeared. Authorities suspected that she might have been a possible witness to a crime occurring in the area. The police were conducting interviews and searching nearby areas, including checking surveillance footage from a nearby cafe, to retrace her steps before she was traced.","shopping mall,cafe",,alleyway,,friend,,possible witness to crime
7,82269,9095,Low,Low,Anne,Evans,2015-04-04,Chichester,6,F,Home Address,,1362,2022-01-21 21:43:00,2022-01-22 20:43:00,Saturday,4219,2022-01-24 20:02:00,"21 David the First Street, Kinghorn, KY3 9SR",Home,Chelsea Ferguson,"School Lane, Hillend, KY11 9LE",Traced by Police,"Anne Evans was last seen leaving university grounds, heading toward an alleyway near 66 Kirkbank Road, Burntisland. She was reportedly playing hide and seek with Lynne Tucker. Anne vanished from the group's sight as they approached the alleyway. Barbara Clements, a nearby resident, joined the search after hearing Anne's name called. After an extensive search, Anne was safely found by police near 97 Backmarch Road, Rosyth, unharmed.",university,"97 Backmarch Road Rosyth,66 Kirkbank Road Burntisland",alleyway,"Lynne Tucker,Barbara Clements",,,
8,93487,9095,High,High,Anne,Evans,2015-04-04,Chichester,6,F,Home Address,,1362,2022-03-02 20:02:00,2022-03-03 20:02:00,Thursday,4579,2022-03-06 00:21:00,"21 David the First Street, Kinghorn, KY3 9SR",Home,Barbara Clements,"5 Bow Butts, Crail, KY10 3UR",Traced by Police,,,,,,,,
9,35502,9095,Medium,Medium,Anne,Evans,2015-04-04,Chichester,7,F,Home Address,,1362,2022-05-08 00:21:00,2022-05-08 15:21:00,Sunday,4294,2022-05-10 23:55:00,"21 David the First Street, Kinghorn, KY3 9SR",Home,Lewis Edwards,"School Lane, Hillend, KY11 9LE",Traced by family,"Anne Evans, a bright young girl known for her adventurous spirit, was last seen near an alleyway close to her home in Kinghorn. Friends mentioned that she had been intrigued by mysteries in the area, speculating about a secret cult rumored to meet nearby. Lewis Edwards, a colleague of those who assisted in the search, mentioned Anne's curiosity about strange happenings in her neighborhood. There were whispers she might have witnessed something untoward that had made her a bit more reclusive lately. Despite this, Anne disappeared one afternoon, causing worry among those in her foster care. Thankfully, with the concerted efforts of the community, she was traced a few days later in nearby Hillend, seemingly unharmed and unaware of any significant danger she might have faced.",,,alleyway,,friend,Lewis Edwards colleague,"possibly involved in cult,possible witness to crime"
10,22742,9095,Low,Medium,Anne,Evans,2015-04-04,Chichester,7,F,Home Address,,1362,2022-10-28 23:55:00,2022-10-29 01:55:00,Saturday,4649,2022-11-01 05:24:00,"21 David the First Street, Kinghorn, KY3 9SR",Home,Anthony Fisher,"39-42 Alexander Place, Rosyth, KY11 2DB",Traced by Police,"Anne was last seen leaving her friend's house on Lochies Road, Burntisland, KY3 9JX, after music lessons. Her foster father reported her missing when she didnâ€™t return home. Anne was later traced by police to Pitreavie Drive, Dunfermline, KY11 8UH.","music lessons,house","Lochies Road Burntisland KY3 9JX,KY11,Pitreavie Drive Dunfermline KY11 8UH",,,"friend,foster father",,
11,48135,9095,Low,Low,Anne,Evans,2015-04-04,Chichester,7,F,Home Address,,1362,2023-01-16 05:24:00,2023-01-17 14:24:00,Tuesday,7233,2023-01-21 05:57:00,"21 David the First Street, Kinghorn, KY3 9SR",Home,Anthony Fisher,"23 Tod's Green, Crail, KY10 3UU",Traced by member of the public,"Anne Evans, aged 7, went missing after leaving her residence for her usual extracurricular activities. Before her disappearance, she was seen at 13 Charles Logan Place, Rosyth. Concern grew when Anne didn't return home or meet her friend as planned. Harriet Robson, a colleague of her foster parent, aided in spreading awareness. Anne was eventually found safe at 23 Tod's Green, identified by a member of the public familiar with missing persons alerts.",extracurricular activities,"13 Charles Logan Place Rosyth,23,Rosyth",,,friend,Harriet Robson colleague,
12,2689,9095,High,High,Anne,Evans,2015-04-04,Chichester,7,F,Home Address,,1362,2023-03-15 05:57:00,2023-03-15 14:57:00,Wednesday,1558,2023-03-16 07:55:00,"21 David the First Street, Kinghorn, KY3 9SR",Home,Lewis Edwards,"1 Collinswell Drive, Burntisland, KY3 0AU",Traced by Police,"Anne Evans was last seen leaving 2-8 Willow Crescent, Rosyth, KY11 2ZS, her foster father mentioned she was heading towards 36-42 Watson Avenue, St Andrews, KY16 8JE, to meet Melissa Arnold. Concern grew when Anne did not arrive. Her foster father, accompanied by Lewis Edwards, searched Ladybank Road, Pitlessie, KY15 7SP, tirelessly. Police later found Anne safe at a friend's home in Burntisland, unaware of the alarm.",,"Willow Crescent Rosyth KY11 2ZS,Watson Avenue St Andrews KY16 8JE,Ladybank Road Pitlessie KY15 7SP",,Melissa Arnold,foster father,Lewis Edwards,
13,52396,9095,High,High,Anne,Evans,2015-04-04,Chichester,8,F,Home Address,,1362,2023-04-09 07:55:00,2023-04-09 12:55:00,Sunday,3162,2023-04-11 12:37:00,"21 David the First Street, Kinghorn, KY3 9SR",Home,Lewis Edwards,"21 David the First Street, Kinghorn, KY3 9SR",Traced by Police,"Anne Evans was last seen leaving her foster home on David the First Street in Kinghorn. It is believed she may have been drawn towards anomalous behavior, as there were concerns about her possible involvement with a local cult operating near her area. Anne was reportedly a potential witness to a crime that occurred on Wood Road, Rosyth. Her connection to Harriet Robson, a colleague of one of her foster family members, was also under investigation, as Harriet was known to frequent locations like 75 Nethergate, Crail, and 28 Cunzie Street, Anstruther. After extensive investigation, Anne was found safe at her home by the police, unraveling a complex web of circumstances surrounding her short disappearance.",,"75 Nethergate Crail,28 Cunzie Street Anstruther,Wood Road Rosyth",,,,Harriet Robson colleague,"possibly involved in cult,possible witness to crime"
14,76821,9095,High,High,Anne,Evans,2015-04-04,Chichester,8,F,Home Address,,1362,2023-10-01 12:37:00,2023-10-02 01:37:00,Monday,2176,2023-10-03 00:53:00,"21 David the First Street, Kinghorn, KY3 9SR",Home,Barbara Clements,"21 David the First Street, Kinghorn, KY3 9SR",Traced by Police,"MP might be involved in a cult and a witness to a crime near 7 Aithernie Drive, Upper Largo.",,7 Aithernie Drive Upper Largo,,,,,"possible witness to crime,possibly involved in cult"
15,91125,9095,High,High,Anne,Evans,2015-04-04,Chichester,8,F,Home Address,,1362,2023-11-14 00:53:00,2023-11-14 15:53:00,Tuesday,6441,2023-11-18 12:14:00,"21 David the First Street, Kinghorn, KY3 9SR",Home,Anthony Fisher,"21 David the First Street, Kinghorn, KY3 9SR",Traced by family,"Anne Evans was last seen leaving her foster mother's home at 34 Kirkton Drive, Burntisland. She reportedly visited a cafe near her college and might be linked to a local cult, as suggested by a possible witness to a crime.","cafe,college",34 Kirkton Drive Burntisland,,,foster,foster mother,"possible witness to crime,possibly involved in cult"
16,49921,9095,Low,Low,Anne,Evans,2015-04-04,Chichester,9,F,Home Address,,1362,2024-05-03 12:14:00,2024-05-04 02:14:00,Saturday,8314,2024-05-09 06:48:00,"35 Fowler Street, Cellardyke, KY10 3HU",playground,Anthony Fisher,"21 David the First Street, Kinghorn, KY3 9SR",Traced by staff,"Anne Evans, aged 9, was last seen at a playground on Fowler Street, Cellardyke. Her foster mother, Sian Waters, had dropped her off for an after-school program, and arrangements were made to pick her up later. However, Anne did not meet Sian at the designated pick-up point. Witnesses reported seeing Anne walking through an alleyway adjacent to the playground shortly after midday, suggesting she may have been heading towards the tutoring center at Abbey Walk, St Andrews. Despite efforts to locate her, Anne remained missing for several days until staff found her safe at an address on David the First Street, Kinghorn. There was no indication of foul play in her disappearance.","program,playground,tutoring center","Abbey Walk St Andrews,Street",alleyway,,foster,Sian Waters,
17,38991,9095,Low,Medium,Anne,Evans,2015-04-04,Chichester,9,F,Home Address,,1362,2024-05-25 06:48:00,2024-05-26 07:48:00,Sunday,2008,2024-05-26 16:16:00,"21 David the First Street, Kinghorn, KY3 9SR",Home,Anthony Fisher,"1 Craig Court, Burntisland, KY3 0AT",Traced by Police,"Anne Evans was last seen playing behind a nearby cafe, where an alleyway leads towards 24 Car Craig View, Burntisland, KY3 0DS. Known for her adventurous spirit, she often explored areas close to her home in Kinghorn. On the day of her disappearance, Anne was seen chatting with a neighbor near the alleyway, before she wandered off. Her foster family realized her absence as evening approached and contacted authorities. After a thorough search of surrounding areas, she was eventually found safe at a friend's house on Nicol Drive, Burntisland, KY3 9JB. The police believe she got distracted and followed a well-trodden path through the alleyway that leads towards her friend's home.",cafe,"24 Car Craig View Burntisland KY3 0DS,St,Nicol Drive Burntisland KY3 9JB",alleyway,,,,
